tingkat_kelas,jalur_masuk,pendapatan_ortu,jumlah_tanggungan,jarak_rumah_km,riwayat_tunggakan_bulan,nominal_tagihan,status_pembayaran
0,3,2730746.0,1,78,0,750000,1
1,3,4789791.0,3,121,2,500000,1
5,3,2092632.0,3,93,1,500000,0
1,0,13925714.0,5,98,1,500000,0
1,1,14643793.0,2,82,1,1500000,1
4,2,14643504.0,3,38,0,500000,0
5,3,11360786.0,2,14,1,1000000,0
5,3,2662189.0,3,136,2,1500000,1
5,3,13759034.0,5,91,0,1500000,1
1,1,7230385.0,4,54,0,1500000,0
0,3,10302907.0,5,130,0,500000,0
5,3,3881486.0,1,101,0,1500000,0
2,2,13564766.0,3,89,2,500000,0
1,2,8213070.0,1,56,1,500000,0
4,3,9668326.0,1,94,2,1500000,0
0,1,14050508.0,2,93,1,750000,1
2,1,6893455.0,3,84,2,750000,1
2,3,1625438.0,1,85,3,1500000,1
4,3,5270183.0,4,22,3,750000,1
0,3,11805651.0,1,35,3,1000000,0
1,3,8585904.0,4,16,3,1000000,0
3,3,8199744.0,2,50,0,500000,0
0,3,12087999.0,1,122,0,750000,0
4,1,10524327.0,5,128,2,1000000,1
2,3,4301445.0,2,113,2,1500000,1
1,3,10696866.0,4,17,3,750000,1
0,3,14413082.0,2,80,1,1000000,1
3,3,12752748.0,1,130,3,1000000,0
3,2,13453070.0,3,132,2,1500000,1
5,3,8339789.0,3,85,3,500000,0
5,3,10070556.0,4,94,2,1500000,1
4,3,4082814.0,4,134,3,500000,0
0,2,5269457.0,3,81,1,1000000,0
0,2,2706751.0,4,69,3,500000,0
2,3,2453692.0,2,69,1,1000000,0
2,3,1717770.0,5,148,1,1000000,0
2,3,5599906.0,5,16,2,750000,0
5,3,6336917.0,2,51,1,500000,0
0,3,8469129.0,5,105,0,500000,1
0,3,12325853.0,1,66,0,500000,0
3,3,7410184.0,2,9,0,1500000,0
5,3,7582199.0,4,107,2,750000,0
1,0,12591490.0,2,100,0,750000,0
5,3,6801533.0,3,86,2,750000,0
1,3,3290008.0,4,64,2,1500000,0
3,3,3326525.0,3,22,0,500000,0
4,3,6013070.0,4,110,1,500000,1
0,0,11227138.0,5,97,3,500000,0
3,3,8917874.0,2,18,2,750000,1
0,3,7651537.0,1,71,0,750000,0
2,2,5966951.0,4,127,2,1000000,1
4,3,12070521.0,4,97,1,1500000,0
4,3,2978768.0,3,1,1,1500000,1
3,0,8589478.0,5,132,0,750000,0
4,3,11453821.0,3,4,2,1000000,0
1,3,12652006.0,3,125,3,500000,1
4,1,6624674.0,5,82,3,750000,1
0,3,9826435.0,1,27,2,1500000,0
0,3,10576760.0,3,59,2,1500000,0
0,3,1902980.0,3,32,2,1500000,0
0,1,10926944.0,4,28,0,500000,0
1,3,12766958.0,5,106,1,1500000,1
5,3,11057540.0,2,105,3,500000,0
2,3,9057260.0,1,70,0,500000,0
3,3,8432667.0,1,62,2,500000,0
0,3,11337695.0,5,34,2,750000,1
4,3,4031528.0,4,87,1,500000,0
0,3,3608542.0,4,114,2,1000000,0
4,3,8422496.0,5,106,0,1500000,0
2,3,10826243.0,4,56,0,750000,0
2,3,5002626.0,1,113,1,1500000,0
2,3,2886689.0,1,13,0,500000,0
4,3,13704734.0,2,18,3,750000,1
0,2,12955591.0,5,113,0,1000000,0
2,3,4346230.0,3,39,0,500000,0
1,3,3618433.0,3,79,0,1500000,0
4,3,14345005.0,2,146,3,1000000,1
4,0,7053535.0,2,30,2,500000,0
0,2,5178621.0,4,98,0,1000000,1
4,3,6056766.0,2,58,1,500000,0
4,3,7727018.0,2,67,3,750000,0
2,1,6500546.0,3,71,1,500000,1
0,3,11186599.0,4,146,0,750000,1
2,3,8471138.0,2,106,1,500000,0
2,3,13620012.0,2,7,0,500000,0
0,3,11702796.0,4,40,3,1500000,1
3,1,11995967.0,5,70,1,1000000,0
2,2,10107009.0,4,68,1,1000000,0
1,3,10873740.0,3,49,0,1000000,0
1,3,10047900.0,5,52,0,500000,0
4,1,14579674.0,1,114,2,500000,0
1,0,9045189.0,4,107,0,500000,0
4,3,13056367.0,3,29,0,750000,0
3,1,10352545.0,5,149,2,750000,0
0,1,12852999.0,4,78,0,1500000,0
0,2,4181206.0,2,9,0,500000,0
0,3,11080705.0,4,76,2,1000000,1
1,3,8143433.0,1,42,3,1000000,0
3,0,1687771.0,4,128,3,1500000,1
1,3,1737199.0,5,20,0,1000000,0
1,0,8790213.0,5,72,0,1500000,0
3,3,4357281.0,4,65,2,500000,0
3,3,12621089.0,5,113,2,1000000,1
3,3,14723385.0,2,24,3,500000,1
3,3,3774316.0,4,128,1,750000,1
0,1,13491223.0,2,83,0,1000000,0
5,0,11471822.0,2,63,1,750000,1
5,0,2251518.0,3,60,1,1000000,1
3,3,9727323.0,4,99,2,500000,1
5,3,2013313.0,5,62,0,1500000,1
5,3,13820194.0,2,30,0,500000,0
3,3,13102823.0,3,22,2,500000,1
5,3,8211492.0,4,126,1,500000,0
1,3,3832214.0,4,42,2,1000000,1
4,3,12218837.0,1,98,3,1500000,0
4,3,6581820.0,1,31,0,750000,0
3,1,6766662.0,2,112,3,500000,0
0,0,11752070.0,1,146,2,1000000,0
3,3,10542832.0,2,122,0,750000,0
0,3,3750397.0,5,17,3,500000,1
4,2,11887892.0,2,38,3,750000,0
3,3,11890284.0,1,142,1,500000,1
2,0,9791860.0,5,110,0,750000,0
1,0,11573140.0,1,22,3,750000,0
5,3,8211492.0,2,56,3,1500000,0
0,3,9226360.0,3,119,1,1500000,0
2,3,9346613.0,4,147,3,500000,1
5,3,2972542.0,1,57,3,1000000,0
5,3,9833648.0,2,35,3,1500000,0
3,0,5973014.0,5,114,1,750000,0
5,3,14745462.0,1,125,3,1500000,0
1,3,2062621.0,1,129,3,1500000,1
2,1,5029801.0,4,52,0,500000,0
5,2,6308163.0,2,85,0,1500000,0
3,3,7784851.0,3,65,1,1500000,0
1,3,3098099.0,5,129,2,750000,1
4,3,14083071.0,2,21,0,1500000,0
2,3,13701841.0,5,16,1,750000,1
5,3,11100177.0,1,123,3,1500000,0
3,3,14449915.0,4,61,3,1500000,0
4,1,2695885.0,4,54,1,1000000,1
4,3,11044691.0,3,26,3,1500000,0
0,0,11862932.0,4,80,3,750000,1
1,1,5398190.0,1,65,2,750000,1
5,3,8886133.0,3,100,3,500000,0
3,0,4888445.0,2,74,0,500000,0
0,3,4242974.0,4,17,3,1000000,1
1,1,13380707.0,3,121,1,750000,0
0,3,11167788.0,1,23,2,750000,1
2,3,8211492.0,5,135,3,750000,0
1,3,9697590.0,5,71,1,1000000,0
1,0,9682535.0,1,108,0,750000,0
5,2,9566513.0,1,79,3,500000,0
1,3,14419819.0,5,46,2,1000000,0
0,0,4084182.0,3,78,3,500000,0
1,3,11696894.0,5,16,1,500000,0
5,3,14488365.0,1,71,2,1000000,1
5,3,14753921.0,4,96,3,1500000,0
2,3,5863089.0,2,147,0,1500000,0
0,3,4297921.0,4,2,2,500000,1
4,1,14262750.0,4,10,0,1500000,1
4,3,10157768.0,1,125,1,750000,0
1,3,12458539.0,5,81,3,1000000,1
2,3,1941904.0,3,140,0,500000,0
3,0,6570414.0,4,70,1,750000,0
1,1,6592792.0,5,32,3,1500000,1
2,3,2078526.0,3,105,1,750000,1
0,0,8112208.0,4,84,0,1500000,1
0,3,9087676.0,3,129,1,500000,0
0,0,2337393.0,5,58,2,750000,1
0,3,13234111.0,2,146,3,1000000,0
0,1,6634544.0,5,134,1,500000,1
2,3,2314422.0,1,45,0,750000,1
2,3,6805431.0,3,97,3,750000,0
5,2,10623591.0,2,23,2,1500000,1
4,3,3763429.0,3,23,3,500000,0
0,3,4635812.0,3,135,2,500000,1
3,3,14163723.0,4,79,3,500000,1
2,3,12764888.0,1,44,1,500000,0
3,3,4438687.0,3,27,1,1500000,0
3,3,6653435.0,5,26,0,1000000,0
3,3,2916842.0,5,97,2,500000,0
5,3,12219864.0,4,36,0,1500000,1
2,0,5189024.0,1,109,1,1000000,1
3,3,5896650.0,1,55,2,1000000,0
0,3,5202418.0,5,69,0,1500000,0
1,3,12170216.0,2,61,0,500000,0
3,3,13818618.0,4,130,0,1000000,1
5,0,5141771.0,4,55,0,500000,0
2,3,7928099.0,5,122,0,500000,0
5,3,5579441.0,5,97,2,750000,0
3,2,6856430.0,2,80,0,500000,0
2,2,8275602.0,2,87,2,750000,1
1,3,2460652.0,1,38,0,1000000,0
3,2,3688370.0,4,119,1,1500000,0
5,1,11437093.0,4,78,1,750000,0
4,3,11455951.0,5,35,0,1500000,1
0,2,13214103.0,1,79,3,1000000,0
5,2,14990123.0,4,67,1,500000,1
2,3,13274352.0,1,87,2,1000000,0
3,3,8485945.0,1,34,0,1500000,0
0,3,10644220.0,5,97,2,1000000,1
3,0,5494528.0,1,71,3,500000,1
2,1,3576475.0,2,3,0,1000000,0
3,3,3641912.0,2,58,1,500000,1
4,3,4644311.0,3,32,2,750000,0
0,3,1785622.0,5,31,1,1500000,1
0,3,3462889.0,3,82,1,500000,0
2,3,11795470.0,2,43,0,500000,0
4,3,13914998.0,3,135,2,1000000,1
5,0,2896436.0,5,105,3,750000,1
3,3,10556148.0,5,1,1,500000,1
1,0,3695690.0,1,61,0,750000,0
3,3,11476844.0,4,14,0,750000,0
3,3,14899140.0,1,6,3,1000000,0
5,3,6670080.0,5,103,0,500000,0
3,3,6205815.0,2,10,1,1000000,1
4,1,4482410.0,2,71,0,1500000,0
4,3,8174192.0,1,90,2,1500000,0
0,0,2904355.0,5,149,2,500000,0
2,3,12564088.0,2,126,1,750000,0
1,0,6556093.0,5,97,2,500000,0
3,3,13312691.0,2,74,3,500000,0
3,0,3964722.0,5,115,0,1500000,0
5,2,8059442.0,3,51,1,1500000,1
2,3,7130761.0,5,56,3,750000,0
4,3,4401092.0,5,41,0,750000,1
1,0,12138837.0,1,32,3,500000,0
0,1,11411142.0,3,15,1,1000000,0
4,3,3222907.0,4,62,1,500000,0
2,2,12404575.0,1,28,3,750000,0
0,1,14563720.0,4,64,0,1000000,0
5,0,4370574.0,2,130,2,1500000,1
5,1,8382799.0,4,127,2,750000,0
3,2,9452017.0,5,36,3,750000,0
2,3,8421983.0,4,114,1,1000000,1
1,3,8026925.0,1,13,0,750000,0
0,3,6865986.0,1,15,0,750000,0
4,2,12777547.0,4,89,1,750000,0
2,2,13874888.0,1,22,2,750000,0
2,3,8259291.0,1,74,0,750000,0
5,0,9843528.0,4,25,3,750000,1
3,2,11933548.0,3,101,2,750000,0
3,3,11988017.0,3,117,3,750000,0
0,3,7032388.0,2,41,2,1500000,1
5,3,9520364.0,1,88,1,750000,0
2,3,8951747.0,4,110,3,1500000,1
1,3,13060990.0,1,120,3,1500000,1
5,3,5381857.0,5,97,1,500000,1
0,3,8211492.0,1,145,3,500000,0
0,3,1791464.0,1,57,2,1500000,0
5,3,6239400.0,3,130,0,1500000,0
0,3,12562437.0,4,96,0,750000,1
5,2,1618581.0,1,121,1,500000,1
4,3,6870807.0,3,62,2,1000000,1
5,1,5352256.0,2,137,3,500000,1
5,1,10227148.0,3,68,3,1500000,1
0,3,2001590.0,3,81,0,1500000,0
0,3,11307020.0,3,17,3,750000,1
3,3,4860492.0,1,117,0,750000,0
3,3,11518977.0,1,50,1,500000,1
4,3,2372328.0,2,112,3,750000,1
3,3,6309479.0,5,94,2,1000000,0
5,3,4610691.0,5,85,3,1000000,1
0,3,2858097.0,5,149,0,750000,0
3,3,13188962.0,2,146,1,1000000,1
3,3,14931835.0,5,74,0,1000000,0
4,3,9813157.0,5,109,3,500000,1
2,3,2794315.0,3,145,0,1000000,1
4,3,7587595.0,1,18,0,1500000,0
5,1,4075508.0,1,42,1,1500000,0
0,3,12264827.0,3,101,2,500000,1
4,3,11246919.0,3,45,3,750000,0
3,3,6010784.0,3,82,1,500000,0
0,3,11178075.0,1,17,2,750000,0
0,1,1664074.0,5,73,0,750000,0
3,2,4070466.0,3,14,2,750000,1
4,3,13543788.0,2,132,0,750000,0
3,2,14371728.0,3,82,0,750000,0
2,1,10679253.0,4,148,1,500000,1
0,1,4787093.0,3,120,0,750000,0
1,2,2517481.0,1,120,1,1000000,1
1,2,5094804.0,3,47,2,1000000,0
5,3,9951115.0,4,107,2,750000,0
3,3,10994318.0,2,108,0,1000000,0
3,3,3838377.0,5,9,1,1500000,1
5,3,14275981.0,3,79,0,500000,0
5,3,2306564.0,4,15,1,500000,1
5,3,5418949.0,4,19,1,750000,0
0,3,7547511.0,2,90,1,750000,0
2,2,11498081.0,1,26,2,1500000,1
3,1,11600560.0,3,92,1,750000,0
0,3,2237954.0,4,82,2,1000000,1
5,3,4408056.0,2,131,1,1500000,1
3,0,9340130.0,5,42,2,1000000,0
0,3,9857998.0,4,19,3,500000,1
2,0,10595781.0,2,17,2,1000000,0
0,3,7434261.0,1,76,2,500000,0
2,3,6010579.0,1,63,0,1000000,0
5,1,10568055.0,4,131,1,500000,1
2,3,10950012.0,4,107,3,750000,1
3,3,12868856.0,3,49,0,1000000,0
5,0,12502595.0,2,55,1,500000,0
3,3,12642521.0,4,99,3,1000000,0
1,3,14884537.0,3,52,3,1500000,0
4,1,9063493.0,3,100,3,750000,1
2,3,4035232.0,4,117,1,500000,1
4,0,9204694.0,1,118,3,1500000,0
4,3,3878907.0,2,7,3,1000000,0
2,3,8490607.0,2,46,0,1500000,0
5,3,6032688.0,1,46,2,1000000,0
1,3,9079751.0,4,100,1,750000,1
3,1,12718523.0,2,144,2,1500000,0
0,1,8633131.0,4,54,0,750000,0
3,3,3863162.0,4,62,2,500000,0
0,2,6381909.0,3,129,3,1000000,1
3,3,7180820.0,1,49,3,1000000,0
2,3,10803721.0,4,25,1,750000,0
1,3,4192794.0,5,10,1,750000,1
0,3,12100157.0,1,118,1,500000,0
5,3,8211492.0,2,144,0,1500000,0
3,2,14469633.0,3,92,1,1000000,0
3,3,10311940.0,2,134,0,1000000,0
0,3,9720038.0,2,144,3,500000,0
5,3,9777983.0,1,148,2,500000,0
5,3,1792575.0,2,80,3,750000,0
2,2,2959700.0,4,71,3,750000,1
2,3,9917944.0,2,78,3,1500000,1
2,3,4701078.0,3,43,1,500000,0
2,3,11531033.0,3,90,1,1500000,1
2,3,4107622.0,5,78,1,500000,1
2,3,3386963.0,3,26,2,1000000,1
1,3,6804120.0,2,121,1,500000,0
5,2,4272605.0,3,45,0,500000,0
2,0,2947947.0,1,63,3,1000000,1
5,3,7313775.0,3,68,2,500000,1
5,3,8742447.0,4,2,2,1500000,1
4,3,14065034.0,1,142,2,750000,0
1,3,13745364.0,5,108,2,750000,0
2,3,9778499.0,4,30,2,1500000,0
3,3,7972652.0,2,49,0,1000000,0
0,3,8106470.0,2,140,3,500000,1
3,3,8211492.0,2,44,2,1500000,0
1,3,2176296.0,4,13,3,750000,1
0,3,1879039.0,4,78,1,750000,1
1,3,2028714.0,4,126,2,1500000,1
5,3,8535655.0,1,98,2,750000,0
0,3,9868352.0,1,26,3,1500000,0
5,0,4411190.0,2,149,2,750000,0
3,3,14523960.0,3,48,2,1500000,1
3,1,10441047.0,2,66,2,500000,1
0,3,5642535.0,5,87,0,500000,0
0,0,1773452.0,1,79,0,500000,1
2,3,10667491.0,4,23,2,500000,1
1,2,5871047.0,1,81,0,750000,0
2,2,14832380.0,4,48,1,1000000,1
1,3,8684872.0,5,124,2,1500000,1
2,3,3689921.0,5,130,1,1000000,0
5,3,8927297.0,1,84,3,750000,0
0,3,4698156.0,4,20,1,750000,1
3,3,7301038.0,5,46,3,1000000,1
1,3,6322139.0,2,131,2,1000000,0
1,3,6454582.0,2,12,3,750000,0
3,3,2262371.0,4,40,3,750000,1
2,2,4757945.0,1,66,1,1500000,1
1,3,9779143.0,5,100,1,500000,0
5,1,7161064.0,1,78,1,500000,0
0,3,5268950.0,2,16,2,1500000,0
3,3,1642980.0,5,83,2,1000000,1
0,3,14585279.0,1,44,1,750000,0
1,3,12322611.0,3,134,2,1000000,0
1,0,8000785.0,4,100,2,500000,0
3,3,1757354.0,4,22,3,500000,1
5,2,9363438.0,3,18,3,1000000,0
4,3,13095551.0,2,12,1,500000,1
3,3,7454075.0,5,123,2,750000,1
4,3,11805768.0,4,117,3,1500000,1
2,3,9472368.0,3,51,0,1000000,0
4,3,13203866.0,3,71,2,750000,1
5,3,14260153.0,2,48,0,750000,0
2,3,3735883.0,2,19,1,500000,0
4,3,12439590.0,1,6,2,750000,1
2,3,2264265.0,4,84,1,1000000,0
4,3,8130840.0,1,53,1,750000,0
5,3,7168889.0,3,107,1,1500000,0
4,3,1808617.0,5,101,1,750000,1
4,3,12868954.0,5,48,1,750000,1
4,3,2244748.0,2,135,2,1500000,0
3,3,13525170.0,5,69,0,750000,1
3,3,11943018.0,5,11,2,750000,0
3,3,6587692.0,5,143,2,500000,0
5,0,12366356.0,3,131,2,1000000,1
2,3,14995655.0,5,122,3,500000,0
1,3,2234275.0,5,69,3,1000000,1
4,3,7714638.0,5,23,2,1500000,0
4,3,11186427.0,1,37,0,1500000,0
5,3,10922794.0,3,9,2,1500000,0
4,3,10487114.0,2,15,1,1000000,1
3,0,6939296.0,1,131,3,1000000,0
1,3,7694224.0,4,93,3,1000000,1
0,3,10445326.0,3,17,2,1500000,1
4,3,7524293.0,3,149,2,1000000,0
3,3,7693367.0,4,72,0,750000,0
0,3,11485461.0,4,149,0,500000,0
1,3,6818331.0,4,121,1,1500000,0
0,3,10241022.0,2,11,2,500000,0
3,1,4463944.0,5,72,2,750000,1
2,3,12236301.0,3,106,2,1000000,1
2,3,12652153.0,5,125,3,500000,1
0,3,13404752.0,5,35,1,750000,1
5,3,5448401.0,4,119,0,750000,0
0,3,1624932.0,2,14,3,500000,1
4,3,6734259.0,1,14,3,1500000,0
4,2,10156691.0,2,10,3,500000,0
2,2,11640106.0,5,140,3,1500000,1
5,3,8350807.0,2,38,1,1000000,0
3,0,7780757.0,4,108,2,1500000,0
4,3,8284672.0,1,119,0,1000000,0
2,3,5377809.0,4,34,0,500000,0
1,3,6376709.0,1,10,3,1000000,0
2,1,11447034.0,5,122,3,750000,0
4,3,13119039.0,1,145,1,1000000,1
4,3,4092316.0,1,145,3,1500000,0
2,3,7395725.0,1,115,0,1500000,0
3,3,10177828.0,2,1,0,1500000,0
0,3,6938757.0,2,12,2,1000000,0
4,3,13865373.0,5,103,2,1500000,0
2,3,11283893.0,1,4,0,1500000,0
2,3,14564637.0,3,141,0,750000,0
5,3,12811313.0,5,98,1,1000000,1
0,3,4164749.0,1,106,1,750000,0
1,3,14936812.0,1,85,0,1500000,0
3,3,8228926.0,2,121,3,1500000,1
1,3,5499453.0,5,132,2,1500000,0
0,3,11295586.0,1,82,0,1000000,0
0,3,8746813.0,1,19,3,500000,0
0,1,4421989.0,5,130,0,1500000,0
1,3,2484156.0,3,12,2,1500000,1
0,3,5213543.0,5,81,2,1500000,1
2,3,10752267.0,5,74,1,1500000,0
1,3,14831690.0,3,98,1,1000000,0
0,3,12125643.0,5,6,1,500000,0
2,3,2703920.0,1,136,1,500000,0
5,3,4608591.0,5,125,2,500000,1
0,3,13499562.0,3,51,3,1500000,0
1,1,2247852.0,4,11,3,1500000,1
4,2,11045226.0,5,127,3,500000,1
0,3,8211492.0,2,140,0,500000,0
4,3,13799755.0,1,73,1,1500000,0
2,2,8428655.0,1,2,1,1500000,0
5,3,10996418.0,2,8,2,750000,1
3,3,10700891.0,2,139,2,750000,1
5,1,12803471.0,5,124,0,750000,0
0,3,3321367.0,2,53,0,500000,0
4,3,4872863.0,4,10,3,1000000,1
4,1,4399033.0,3,112,2,1500000,0
1,3,14421277.0,2,8,1,750000,0
4,3,14958424.0,2,36,3,1000000,0
1,3,3078315.0,4,106,1,1500000,1
2,0,8927210.0,1,14,3,1000000,0
3,0,9798852.0,1,86,1,500000,0
0,2,7593073.0,5,149,0,500000,0
1,3,2849590.0,4,50,3,500000,1
3,2,13393046.0,3,20,1,750000,0
4,1,14468805.0,3,87,1,1500000,0
4,3,6866645.0,4,135,2,500000,1
3,1,7129905.0,3,137,3,750000,0
4,0,4545529.0,1,129,1,750000,0
2,3,12114149.0,3,38,2,750000,1
2,3,12699747.0,3,44,1,750000,1
3,3,6940107.0,4,86,3,500000,1
1,3,8603260.0,4,44,0,750000,0
1,3,8581530.0,3,74,3,500000,1
3,3,11358401.0,2,119,3,500000,0
1,0,14379120.0,4,122,1,750000,1
1,1,14833098.0,5,134,1,500000,1
2,2,4397706.0,5,145,3,1500000,0
1,3,9782356.0,1,51,2,1500000,1
5,3,4701473.0,3,38,2,1000000,0
0,3,10987265.0,2,51,2,1500000,1
4,3,10814823.0,1,10,1,500000,0
5,2,8007660.0,3,120,1,500000,1
1,1,12922057.0,4,149,3,1500000,1
2,3,2949991.0,5,70,0,750000,0
3,1,7539523.0,2,85,1,750000,0
1,0,6853966.0,5,57,3,500000,1
2,3,8247741.0,4,126,3,750000,1
0,0,6668554.0,3,39,0,1000000,0
1,3,12400518.0,4,33,2,1000000,1
3,3,1924528.0,4,18,3,1500000,1
2,3,12424218.0,5,57,3,1500000,0
2,3,8211492.0,2,96,3,750000,0
2,3,12603831.0,4,48,2,500000,0
0,3,9490001.0,5,42,2,1500000,0
1,3,10500789.0,2,27,0,1000000,0
0,3,13534133.0,3,74,1,1500000,1
4,3,7950219.0,3,110,2,1500000,1
4,3,3150824.0,1,32,1,1000000,1
1,3,6765481.0,5,26,1,500000,0
0,3,8202692.0,2,25,2,1500000,0
3,3,10027835.0,4,75,3,1500000,0
2,3,8211492.0,3,23,0,1500000,0
2,3,6692859.0,2,57,1,750000,0
1,3,10580745.0,5,126,3,1500000,0
4,2,1781854.0,1,87,2,1000000,1
4,3,8162314.0,3,31,1,500000,0
2,3,14762804.0,2,64,1,500000,0
1,1,7330395.0,2,33,1,1000000,1
0,0,10548935.0,2,2,3,750000,0
4,1,3157153.0,5,18,3,1000000,0
0,0,14234006.0,5,84,3,500000,1
4,3,11373863.0,5,35,1,1000000,1
4,3,8583610.0,4,114,1,750000,0
5,3,14044612.0,2,146,0,500000,0
4,3,9342680.0,3,110,0,750000,0
3,3,3306684.0,5,88,3,1000000,1
1,3,3309858.0,5,72,3,1500000,1
1,3,1979083.0,2,125,2,1000000,1
0,2,11282924.0,5,30,3,750000,1
4,2,3401740.0,4,53,0,1000000,1
3,3,7148393.0,4,138,0,1500000,0
0,0,14151235.0,5,87,0,750000,0
5,3,7784725.0,2,139,1,1000000,0
0,0,9252950.0,2,13,1,750000,1
0,3,8209914.0,2,40,3,750000,1
4,1,8895873.0,1,89,2,500000,0
5,3,6084946.0,5,68,2,500000,0
0,3,12184544.0,2,42,2,750000,0
3,3,9843199.0,4,147,1,1000000,1
3,3,5801400.0,3,94,0,1000000,0
1,3,6141094.0,3,19,0,1000000,0
5,3,8211492.0,2,23,1,1500000,1
5,3,12800674.0,3,54,2,750000,0
1,3,9373491.0,3,65,2,750000,1
0,3,5270771.0,1,140,3,1500000,0
5,1,3040724.0,4,24,3,750000,1
3,3,7375293.0,4,34,2,750000,0
3,3,3465730.0,1,53,1,1500000,0
4,3,14451138.0,1,136,2,500000,0
5,2,8843728.0,3,18,3,750000,0
0,3,14209222.0,5,57,2,1500000,0
1,1,13971898.0,3,112,1,1000000,0
1,0,10564281.0,1,5,0,500000,0
0,3,8597037.0,4,13,1,1000000,1
2,3,5562224.0,3,83,1,750000,0
4,0,11777137.0,5,29,3,500000,0
1,2,2594316.0,3,3,1,1500000,1
5,3,5800915.0,2,90,1,750000,1
4,3,8260403.0,3,104,3,1500000,0
5,2,14856122.0,1,123,3,500000,1
3,3,8120241.0,4,76,0,1000000,0
4,1,3136675.0,4,130,2,750000,1
1,3,10595281.0,1,108,1,750000,0
4,3,2301849.0,2,82,3,1500000,1
4,0,11617273.0,1,77,0,500000,0
4,3,2661068.0,3,2,2,1500000,1
2,3,8870131.0,1,127,3,500000,0
4,3,2535891.0,1,135,2,750000,0
5,3,2253494.0,2,26,2,500000,1
3,3,10311785.0,3,88,1,750000,0
0,3,10531370.0,5,16,1,500000,1
4,3,9111432.0,5,73,3,1000000,1
1,2,10656484.0,4,32,2,500000,0
4,3,5204697.0,1,15,3,1000000,1
1,3,6777420.0,4,141,3,500000,0
5,3,11094792.0,2,5,2,500000,1
1,1,6827580.0,5,74,3,1500000,1
0,2,8772003.0,1,52,2,1500000,1
3,3,3260511.0,2,77,2,750000,0
1,3,14472682.0,2,110,2,1500000,0
1,3,5041815.0,1,143,2,500000,0
3,2,9934610.0,2,106,0,1500000,0
0,0,8889844.0,1,127,2,500000,1
4,3,6110146.0,1,7,1,1000000,0
1,0,10603947.0,3,40,1,500000,0
3,2,5639289.0,4,99,1,750000,1
5,3,6851826.0,2,143,2,1000000,0
3,3,7890459.0,2,85,1,750000,1
5,3,3284006.0,3,65,0,750000,0
0,3,8211492.0,3,132,3,750000,0
4,0,6413478.0,3,11,2,1500000,0
3,3,10517497.0,5,108,1,750000,0
2,3,9803143.0,5,26,0,1000000,0
1,3,12255716.0,5,85,3,500000,0
0,3,7853300.0,1,123,0,750000,0
3,3,7468333.0,2,144,1,1000000,1
1,3,14478307.0,4,68,0,750000,0
3,3,13733494.0,1,104,3,500000,0
5,3,10814387.0,2,80,1,1000000,0
3,3,7710958.0,2,53,3,1000000,1
2,3,8101457.0,3,106,0,500000,0
3,3,8179155.0,3,44,2,1000000,0
3,3,7237580.0,1,140,2,500000,1
2,3,7025724.0,3,90,2,1000000,0
0,3,7525095.0,2,101,2,1000000,0
3,3,12418440.0,3,97,3,500000,0
2,3,13207759.0,5,9,2,500000,1
1,2,8211492.0,3,12,3,1000000,0
5,3,8198541.0,2,69,1,1000000,0
5,3,1691387.0,1,28,2,500000,1
3,0,8211492.0,4,56,3,1500000,0
0,3,6108474.0,3,99,2,500000,1
0,3,12672675.0,2,110,2,1000000,1
1,1,11262681.0,4,77,2,1000000,0
3,2,4035394.0,4,103,3,1000000,1
5,3,14445828.0,5,106,0,500000,0
0,3,14260960.0,4,109,2,1000000,1
3,3,7096526.0,2,112,2,1500000,0
0,3,11313271.0,2,58,1,750000,1
2,3,12357754.0,3,78,0,1500000,0
0,3,4791070.0,3,75,3,500000,1
5,3,2186268.0,3,42,1,1000000,1
4,3,2301955.0,4,68,2,500000,1
1,0,10999617.0,4,33,1,750000,0
1,3,3513148.0,5,71,1,500000,1
5,3,8335735.0,3,56,2,1000000,1
0,3,5967223.0,1,105,0,750000,0
3,3,11408201.0,5,101,0,750000,0
0,3,3944291.0,1,51,1,1000000,1
5,3,1647745.0,4,74,2,1000000,1
1,3,5292824.0,5,121,3,1000000,1
0,3,11619600.0,5,143,1,500000,1
1,3,1637686.0,2,143,3,1500000,0
3,3,11956244.0,4,5,1,500000,1
1,3,6750295.0,4,83,1,500000,0
1,3,5651923.0,5,51,2,1500000,0
4,1,7179980.0,4,10,2,1000000,1
4,3,11871652.0,5,140,3,1000000,0
2,3,6649534.0,2,4,3,1500000,0
4,3,13812829.0,5,95,0,1500000,0
1,3,4814344.0,4,146,2,500000,1
5,1,1549976.0,4,80,1,750000,1
1,3,4022620.0,5,36,1,1500000,1
5,2,12251736.0,5,25,0,500000,0
5,3,13256219.0,5,98,2,750000,1
4,3,14294421.0,3,101,1,1000000,1
0,3,13531301.0,4,9,0,1000000,0
3,0,3527320.0,4,61,0,500000,0
4,3,3312105.0,3,53,1,500000,0
4,3,7261703.0,5,146,1,1500000,1
0,1,3447238.0,2,63,3,1000000,1
3,3,11284404.0,5,121,2,500000,0
1,3,7830034.0,5,105,3,1000000,1
2,3,6309045.0,3,4,0,1000000,0
2,1,8211492.0,4,93,1,1500000,1
1,3,10097467.0,5,28,3,750000,1
4,2,7902891.0,4,80,0,1500000,0
3,2,8531845.0,1,76,2,500000,0
4,3,6894418.0,4,116,1,1500000,1
5,3,13916510.0,2,69,3,1500000,0
4,3,1545475.0,2,98,2,1000000,0
4,3,9580552.0,5,1,3,1500000,0
1,2,4803364.0,4,96,0,500000,0
1,0,6896364.0,5,17,2,750000,1
1,3,4739254.0,3,112,3,1500000,0
2,3,2599577.0,2,91,2,1500000,1
5,3,10732689.0,5,88,0,750000,1
1,3,7983485.0,3,90,2,500000,0
3,3,6123037.0,5,49,3,500000,1
2,3,8459972.0,4,38,0,1500000,0
0,3,8732024.0,4,132,1,1000000,1
3,3,13584335.0,4,59,3,1500000,0
3,3,3102970.0,4,68,3,750000,1
1,3,9691922.0,1,130,0,750000,0
0,3,9774125.0,3,49,0,750000,0
0,0,3031064.0,3,126,1,1500000,0
2,3,5911887.0,4,111,3,1500000,0
0,1,10115797.0,1,48,0,500000,0
5,0,3576198.0,4,51,1,1000000,0
1,3,8966511.0,1,43,1,1500000,1
0,2,2968919.0,4,98,0,500000,1
2,3,4781941.0,2,124,3,1500000,1
5,3,12538932.0,2,80,2,500000,1
4,3,4910580.0,5,111,2,500000,0
4,3,6499111.0,4,143,1,1000000,1
5,3,5185104.0,3,27,2,1500000,0
2,3,9159791.0,5,113,2,500000,1
5,3,2920858.0,2,86,0,750000,0
1,3,3248982.0,4,114,1,750000,1
1,3,8063614.0,5,124,3,750000,0
4,2,11333673.0,4,49,1,1000000,1
0,3,6396799.0,2,76,0,500000,0
2,3,9966685.0,5,55,2,1000000,0
4,0,8979816.0,2,56,3,1500000,0
0,3,14397930.0,1,95,1,1500000,0
0,3,7507509.0,2,44,2,500000,0
1,3,11529840.0,4,87,1,750000,1
3,3,5945818.0,3,84,3,500000,0
3,1,6622964.0,2,16,1,500000,1
5,3,8211492.0,3,149,1,500000,0
1,3,5595077.0,1,145,1,1000000,0
0,3,10672800.0,5,37,2,1500000,1
2,3,7763998.0,5,77,3,500000,1
3,3,6130232.0,3,147,3,500000,0
0,3,2420114.0,5,45,2,500000,1
3,3,10490499.0,2,146,2,1000000,1
3,0,13418529.0,3,62,2,1000000,0
3,0,9647047.0,4,100,0,1000000,1
2,3,3682926.0,2,52,1,500000,0
1,1,3985670.0,2,19,1,750000,1
2,0,4844250.0,2,109,3,750000,0
4,3,13254693.0,4,44,1,750000,1
0,3,14495584.0,1,7,0,1500000,0
1,3,5523278.0,5,117,2,500000,1
1,3,2037977.0,3,68,3,750000,1
1,3,11887622.0,1,34,3,750000,0
1,3,13591900.0,3,69,1,750000,0
2,2,11446749.0,5,55,3,500000,1
1,3,5168280.0,4,10,2,750000,0
5,3,4223408.0,2,42,3,750000,0
0,1,11736666.0,2,41,2,500000,1
1,0,6284808.0,4,122,0,1500000,1
0,3,8137640.0,1,138,0,1000000,0
5,0,8337388.0,1,10,2,750000,1
5,3,12047781.0,3,102,1,1000000,0
0,3,6154419.0,4,128,3,1500000,0
3,3,9930899.0,1,149,1,1500000,0
4,3,6122580.0,4,136,3,750000,1
3,3,6089058.0,5,92,0,500000,0
3,3,8745136.0,2,113,0,1500000,0
2,3,9879966.0,2,78,0,1000000,0
3,3,14386576.0,2,85,3,1000000,0
1,3,3622827.0,4,30,0,1000000,1
2,2,14756559.0,4,49,0,1000000,1
2,3,8932300.0,3,9,0,1500000,0
5,3,9137174.0,2,145,0,750000,0
3,3,11957279.0,3,69,1,750000,1
5,3,2208672.0,2,58,0,1000000,1
0,3,8421154.0,3,62,0,750000,0
4,2,10225977.0,3,52,1,1000000,1
2,3,13865582.0,5,40,1,1000000,0
0,3,13381571.0,3,63,3,500000,0
0,3,6007167.0,4,147,2,1500000,1
1,3,3727039.0,3,50,0,1500000,0
4,3,8211492.0,2,141,0,1000000,0
0,3,2883875.0,3,78,0,1500000,1
0,3,8125169.0,1,97,3,750000,1
4,3,3376336.0,2,43,0,1000000,0
4,3,9041586.0,1,36,2,500000,1
0,3,5456778.0,2,122,1,750000,1
4,0,14641875.0,4,108,3,500000,1
0,2,4387757.0,4,10,1,500000,0
0,2,3968665.0,4,95,0,1500000,0
1,3,12798592.0,1,6,0,1500000,0
3,3,7972973.0,5,57,0,1000000,0
0,3,2192924.0,2,129,2,1500000,1
5,3,4070115.0,4,71,2,500000,1
2,3,3161655.0,2,21,3,500000,0
3,3,8999066.0,1,92,1,750000,1
3,3,6172412.0,5,127,0,500000,0
3,1,4600498.0,1,80,0,1000000,0
1,3,14677733.0,2,56,0,1000000,0
0,3,14559040.0,5,116,0,1500000,0
1,3,10912528.0,5,148,2,1500000,1
0,2,8681479.0,1,25,1,1500000,0
1,3,5311666.0,4,5,1,1000000,0
1,3,5319712.0,2,120,3,500000,0
2,3,2533668.0,3,21,2,1500000,0
5,3,9212079.0,3,18,0,750000,0
1,3,7104327.0,1,57,1,1500000,0
2,0,3973199.0,2,93,1,1000000,1
4,3,14936735.0,2,19,2,1500000,1
5,3,9771330.0,1,128,3,500000,0
1,3,8211492.0,2,97,3,1500000,0
3,3,2208175.0,4,131,0,1000000,0
4,3,13563610.0,1,21,3,1000000,0
4,3,3367306.0,4,40,1,750000,0
2,3,10152233.0,2,67,3,1000000,1
4,3,2342840.0,1,127,0,750000,1
5,3,5894643.0,2,55,1,500000,1
1,3,7389118.0,1,109,3,1000000,1
1,3,6628643.0,2,98,3,1500000,0
3,0,1625355.0,4,112,2,500000,0
2,3,5722102.0,4,115,0,1500000,0
3,3,2115937.0,2,117,3,1500000,1
4,0,2875607.0,1,87,2,1500000,1
3,3,1519477.0,3,81,1,500000,1
5,0,5056210.0,4,66,2,500000,1
1,3,8008856.0,4,19,2,1000000,1
4,1,3987111.0,3,135,3,1500000,1
3,3,3509606.0,2,118,3,750000,0
2,3,3059757.0,1,42,3,1000000,1
5,3,8211492.0,2,42,2,500000,0
5,1,7656738.0,5,59,1,750000,1
3,0,14488017.0,4,20,0,500000,1
1,3,4932207.0,5,73,2,750000,1
3,3,7671638.0,4,17,3,1000000,1
4,1,14356498.0,4,27,0,750000,0
3,3,3381297.0,5,2,1,1000000,0
5,2,7583059.0,5,63,0,500000,0
3,0,10712367.0,2,62,3,750000,0
1,3,12919463.0,5,100,2,1500000,1
2,3,6029275.0,2,19,2,1500000,0
0,3,10019792.0,2,17,3,500000,1
3,3,2635627.0,2,69,2,750000,1
1,0,12136413.0,4,117,3,1500000,0
1,3,1745300.0,4,81,2,1000000,1
2,0,10472618.0,5,39,2,750000,0
5,3,1592036.0,4,36,2,750000,1
1,1,7495802.0,5,132,1,1500000,1
1,3,7939051.0,4,29,1,1000000,0
1,3,2353392.0,1,51,3,1000000,1
1,3,7515877.0,1,14,1,1000000,1
4,2,10170304.0,5,69,3,750000,1
4,3,5162340.0,4,146,0,500000,0
5,0,11079064.0,4,57,0,750000,0
3,3,14318331.0,2,12,1,750000,0
1,3,10878637.0,3,17,0,1500000,0
2,3,1654692.0,5,30,0,500000,0
3,3,9862101.0,3,88,2,1000000,1
2,3,5957335.0,3,99,2,1500000,1
3,1,12279706.0,5,23,3,750000,1
5,1,3157888.0,4,129,0,500000,0
1,1,4085917.0,5,79,3,1000000,1
1,2,9610129.0,3,32,3,1000000,0
0,3,14725839.0,4,9,0,750000,1
2,3,7647560.0,1,15,1,1000000,0
3,3,9446258.0,5,27,0,1000000,0
3,0,9057845.0,5,109,2,500000,1
4,3,3324964.0,4,76,0,1500000,0
0,3,9224922.0,1,148,1,500000,0
4,3,8211492.0,1,65,3,1500000,1
4,3,11277117.0,4,109,3,1500000,1
4,0,13643150.0,2,129,2,1500000,1
2,2,12386822.0,5,10,2,1000000,0
2,3,14566691.0,5,47,2,500000,1
5,1,8289408.0,3,123,3,1000000,1
5,3,6264812.0,4,59,2,750000,1
4,3,14462182.0,3,96,0,500000,0
0,3,13997110.0,3,103,3,1500000,0
3,3,3068146.0,1,124,1,1000000,0
2,3,1983455.0,5,86,3,1000000,1
0,1,5536405.0,3,146,0,500000,0
1,3,10435827.0,1,112,0,500000,0
2,0,3686268.0,4,27,2,1500000,0
2,3,5945975.0,3,18,3,1500000,0
5,3,13876401.0,5,82,3,750000,1
3,3,11513385.0,3,72,3,1500000,0
3,3,4371656.0,4,54,1,1000000,1
1,3,6208569.0,3,71,2,750000,0
1,1,5355933.0,5,146,0,750000,0
2,3,14711292.0,1,38,0,750000,0
4,3,3826729.0,5,137,2,500000,0
5,3,8195233.0,1,35,0,1500000,0
5,3,9774437.0,2,82,0,750000,0
2,3,5407129.0,5,133,2,500000,1
0,3,1595556.0,5,142,0,500000,1
4,3,11786491.0,4,4,3,750000,1
2,3,6899869.0,3,23,1,750000,1
4,3,4969992.0,1,48,2,1000000,1
4,3,11444145.0,1,148,1,750000,0
4,3,7639353.0,4,125,0,1000000,0
2,3,2152755.0,4,55,0,750000,0
5,1,5166344.0,3,68,3,750000,0
5,3,8211492.0,3,88,2,1500000,0
4,3,13414970.0,5,1,0,750000,0
0,3,2243088.0,2,135,2,750000,0
3,1,14733355.0,3,95,2,1000000,0
2,3,12484442.0,4,140,2,1000000,0
3,3,1559778.0,3,106,2,1500000,0
0,0,10983017.0,1,133,2,750000,0
2,3,6503361.0,2,108,1,750000,1
4,3,12542136.0,5,42,3,1000000,1
5,3,9575042.0,1,102,2,500000,1
3,3,13993007.0,1,124,1,500000,1
1,1,9206113.0,2,140,0,500000,0
1,2,11401691.0,5,103,2,1000000,1
0,3,13230711.0,4,146,0,1000000,0
4,3,3673513.0,5,74,2,500000,1
3,3,11287557.0,3,108,1,500000,0
4,3,10410762.0,1,122,1,750000,1
3,2,8413462.0,3,17,1,1000000,0
0,3,13357190.0,4,71,3,1000000,0
0,3,2511930.0,3,62,0,500000,0
1,3,8211492.0,5,41,3,500000,0
4,3,10968133.0,3,119,2,1500000,1
2,3,9780083.0,4,45,0,1000000,1
1,3,3285818.0,4,58,1,1500000,1
4,1,4451720.0,4,126,0,750000,1
1,3,11048725.0,5,44,1,1500000,1
2,3,3582963.0,4,15,3,500000,1
5,3,7462859.0,1,78,3,1000000,1
5,3,5756146.0,4,70,1,1000000,1
5,2,12473779.0,3,101,1,1500000,1
5,2,11170114.0,3,3,2,1500000,0
3,3,1789134.0,3,86,3,750000,1
5,3,12657313.0,5,74,3,750000,1
2,3,9132285.0,3,51,2,500000,1
0,3,5824660.0,5,67,3,500000,1
0,3,4366069.0,5,76,1,500000,1
3,0,2237090.0,4,93,0,1500000,0
5,3,10803173.0,1,145,0,1500000,0
5,3,5335598.0,4,7,3,1000000,0
5,3,6482042.0,4,13,2,500000,0
1,0,2552425.0,5,120,1,1500000,1
4,2,7803816.0,5,66,0,1000000,0
1,0,2277567.0,3,4,1,500000,0
4,3,4216207.0,3,138,3,750000,0
5,3,8052901.0,4,88,3,750000,1
5,0,3249736.0,2,17,0,1500000,0
1,3,11458842.0,2,52,3,1000000,0
1,3,8221635.0,3,134,2,750000,1
4,2,1551707.0,2,69,3,1000000,0
0,0,10169441.0,3,137,3,1000000,0
4,3,13587708.0,5,21,3,750000,1
1,3,10977571.0,4,24,1,1000000,0
2,3,7604128.0,1,4,1,750000,0
1,3,3377145.0,4,3,0,1500000,0
2,3,12172393.0,3,68,0,500000,0
3,0,13883028.0,3,101,0,500000,0
1,0,10723482.0,4,54,3,1500000,0
3,0,10778101.0,3,35,1,750000,0
0,3,8187666.0,2,56,2,750000,0
4,2,2278799.0,2,108,3,750000,0
2,2,13422324.0,3,40,3,750000,0
4,3,13396055.0,3,68,3,1500000,1
3,2,8579701.0,2,46,2,500000,0
2,0,2379459.0,3,78,0,1000000,0
4,3,9749953.0,3,141,2,1000000,0
1,3,12070141.0,4,6,0,500000,0
5,3,3322744.0,1,17,2,1500000,0
3,3,9667707.0,2,99,1,1000000,1
4,3,12179744.0,4,81,3,500000,1
3,2,13530252.0,1,2,3,1500000,0
3,3,5343139.0,3,77,3,1000000,1
2,3,12982118.0,3,66,0,750000,0
2,3,14821008.0,4,52,2,750000,1
5,3,14073832.0,3,92,1,1500000,0
1,3,5947395.0,5,22,2,750000,1
3,3,10740658.0,4,111,3,1500000,0
4,3,3861216.0,1,107,1,500000,0
0,3,8946153.0,4,67,1,500000,0
3,3,4067587.0,2,140,3,1000000,0
3,3,14684072.0,4,69,2,1500000,1
5,0,1764237.0,3,84,3,1000000,1
1,3,5969353.0,3,103,2,1000000,0
0,2,6340351.0,5,39,1,500000,0
2,3,4014719.0,5,13,1,1000000,0
2,3,3408911.0,5,41,3,750000,0
4,2,5502981.0,1,57,1,1000000,1
0,3,2919920.0,5,12,0,1500000,1
2,3,9860777.0,1,13,1,750000,0
4,3,3679441.0,5,120,0,500000,0
1,3,4237946.0,1,97,1,1500000,1
4,3,13637137.0,4,57,3,750000,0
2,3,13447426.0,4,40,3,1500000,1
5,3,11338074.0,3,118,0,750000,0
5,3,11249844.0,1,80,3,1500000,0
5,3,3588062.0,2,128,1,1500000,0
2,2,12245240.0,3,35,1,750000,1
5,1,3334907.0,4,3,3,500000,0
0,3,9852110.0,1,120,1,500000,0
1,0,5361774.0,5,5,2,1500000,1
4,3,5133795.0,2,11,2,1500000,1
4,3,4977084.0,4,126,1,500000,1
2,3,5827802.0,3,71,3,500000,0
5,2,4899752.0,1,117,0,1000000,0
5,3,5300986.0,2,138,3,500000,0
3,3,6832889.0,1,106,0,1500000,0
1,3,2223858.0,5,116,3,750000,1
0,0,12707515.0,3,67,1,500000,0
4,2,1544816.0,1,31,2,1000000,0
3,2,1504138.0,4,75,3,1000000,1
3,3,5663960.0,3,71,0,1000000,0
2,3,13125512.0,4,66,2,750000,0
4,3,8581905.0,1,70,0,500000,0
2,3,14879795.0,3,41,1,500000,0
0,3,5364044.0,4,20,2,500000,0
3,3,8147463.0,5,140,0,750000,0
3,1,8588166.0,5,39,3,750000,1
1,2,1721552.0,1,145,1,1500000,0
0,2,9932372.0,3,45,1,1000000,1
3,1,12108790.0,2,139,1,1000000,0
0,3,3397951.0,3,70,3,500000,1
4,3,7362835.0,5,125,3,750000,0
5,1,10205070.0,4,91,2,750000,1
3,3,10778463.0,2,70,3,500000,0
1,2,11303326.0,1,130,2,500000,1
4,3,3657280.0,2,84,1,1500000,1
0,3,2308301.0,1,89,2,1000000,1
2,3,8211492.0,2,79,0,1000000,0
4,1,14068874.0,1,113,1,1000000,1
3,2,7796495.0,1,93,1,1500000,1
0,3,5846657.0,2,72,2,500000,0
5,0,1612935.0,2,49,1,500000,1
4,3,9700252.0,1,52,3,1000000,1
3,3,13940497.0,5,33,0,1000000,0
1,3,11226914.0,2,22,2,1500000,1
2,3,3650205.0,3,114,2,750000,0
0,3,6924441.0,4,133,1,750000,1
4,1,5780650.0,1,18,3,1000000,0
4,2,6023535.0,1,118,1,1500000,1
5,3,14488753.0,4,117,1,1000000,0
5,3,6252989.0,5,37,2,750000,1
1,1,11257999.0,4,64,1,1000000,1
2,1,5810518.0,2,138,0,750000,0
1,2,12470761.0,4,79,1,750000,0
3,3,10741937.0,1,123,1,750000,0
3,3,3230085.0,4,44,2,500000,0
1,3,3526110.0,3,82,1,500000,0
2,3,12973170.0,2,87,3,1000000,0
1,3,8211492.0,4,16,2,750000,0
2,1,14483738.0,1,54,1,500000,1
2,3,10325150.0,2,102,0,1000000,0
0,3,7019948.0,1,98,0,1000000,0
2,3,8428887.0,5,2,2,1000000,0
5,3,6066701.0,3,94,2,1000000,0
2,3,14028002.0,5,141,1,1000000,0
2,3,9627333.0,3,59,3,1500000,0
2,3,4480672.0,4,69,1,750000,0
3,2,9736781.0,2,119,0,1000000,0
5,1,11950695.0,4,92,3,1500000,1
5,3,10315282.0,3,45,3,750000,1
1,3,6702413.0,3,148,3,500000,0
0,0,1582409.0,3,24,1,1000000,0
2,3,8863280.0,1,91,0,1500000,0
4,3,13516712.0,2,94,2,500000,1
0,0,14781788.0,4,58,1,1500000,1
0,3,11883749.0,4,128,2,750000,1
5,3,13713866.0,5,7,3,750000,0
0,3,8266886.0,3,47,3,500000,0
2,3,9712411.0,3,53,1,1500000,0
2,3,6917755.0,3,38,0,1000000,0
3,2,6631104.0,4,53,3,1000000,0
2,3,4999701.0,5,143,2,500000,1
2,3,3427716.0,1,48,2,500000,1
5,2,11810280.0,2,95,1,500000,0
2,3,11081111.0,1,147,2,1500000,1
3,3,11022362.0,4,137,0,1000000,0
4,0,6741684.0,3,64,3,1000000,1
5,3,6581857.0,2,93,2,1000000,1
4,0,7259420.0,4,125,2,500000,1
5,2,12792217.0,4,39,3,1000000,0
1,3,11334858.0,4,4,1,750000,1
0,3,6806490.0,2,126,2,500000,0
1,3,11532315.0,2,3,1,1000000,1
2,3,8422981.0,5,64,1,1500000,0
4,2,9317209.0,5,29,2,500000,0
2,3,6393091.0,1,116,0,750000,0
0,3,5300315.0,2,11,1,750000,0
5,3,13040004.0,2,97,2,1500000,1
0,1,13256878.0,2,102,1,1500000,1
3,1,7969723.0,5,21,3,500000,1
0,3,7602545.0,4,39,0,500000,1
3,3,3752641.0,3,102,0,750000,0
0,2,1844126.0,5,46,3,1500000,1
3,3,12294122.0,2,66,3,500000,0
4,3,6607385.0,5,91,1,750000,0
2,3,11730968.0,1,111,3,1500000,0
2,3,9574444.0,2,82,0,750000,0
1,1,2637411.0,1,123,3,1000000,1
2,3,3170357.0,2,99,2,1500000,0
5,3,12801119.0,5,35,2,500000,1
0,3,7439334.0,4,103,1,500000,1
1,2,7893404.0,3,129,0,1000000,0
5,3,4830922.0,1,25,2,1500000,0
5,3,13588117.0,5,43,3,750000,0
3,3,5655479.0,4,84,2,500000,1
2,0,7209635.0,5,51,2,1000000,0
4,3,14376763.0,1,130,1,1000000,1
4,3,13190806.0,3,126,3,1500000,1
1,3,10186594.0,5,69,3,1500000,1
4,3,13654609.0,2,9,3,500000,0
0,3,12354520.0,4,2,1,1000000,1
4,0,11911392.0,5,10,3,750000,1
1,3,10742213.0,4,114,3,1000000,1
4,2,12261556.0,2,76,2,750000,0
0,3,2815823.0,3,85,2,750000,0
3,2,4933372.0,3,49,3,500000,0
1,3,2270692.0,2,70,0,1000000,1
3,3,7367504.0,4,131,0,750000,0
3,1,10317353.0,5,133,3,1500000,0
3,2,6332091.0,2,90,0,750000,0
5,3,2173812.0,1,26,1,1500000,1
2,3,4432977.0,4,72,2,1500000,0
5,0,13458726.0,3,5,1,1000000,0
2,3,9297698.0,2,15,2,1500000,1
3,2,8482252.0,3,123,0,750000,0
1,2,11246734.0,4,144,0,1500000,0
2,3,8116659.0,3,1,3,1000000,0
0,3,5317042.0,2,144,0,500000,0
0,3,6039170.0,4,3,0,750000,1
4,3,6469411.0,1,47,3,750000,1
2,3,2036644.0,2,95,3,1000000,0
1,1,2152416.0,5,13,2,1000000,1
5,3,6710307.0,2,120,0,1000000,0
3,2,13036523.0,4,55,2,1000000,0
4,3,9661562.0,2,149,2,750000,1
0,3,12662345.0,1,66,1,500000,0
5,3,3207542.0,1,90,0,1500000,0
5,3,5691896.0,5,62,0,1500000,0
3,3,7586932.0,3,102,1,500000,0
2,3,2974620.0,4,139,2,500000,1
0,2,11063454.0,4,8,0,500000,0
1,3,11881177.0,3,97,2,1000000,1
5,3,3349395.0,1,117,1,750000,0
3,3,8123063.0,1,64,3,750000,0
1,3,2489336.0,2,21,2,750000,1
2,3,14850198.0,5,115,0,1000000,1
0,3,6724237.0,5,85,3,750000,1
2,3,4638102.0,5,20,2,1000000,0
5,3,6660324.0,2,8,2,750000,0
1,3,12339587.0,5,58,3,500000,1
1,2,13794121.0,3,46,3,1500000,1
1,3,11921424.0,2,31,3,1500000,1
5,3,8921289.0,3,93,0,1000000,0
5,3,9950361.0,2,9,0,750000,0
2,3,7147183.0,5,15,2,1500000,0
4,0,7166912.0,3,94,2,500000,0
2,3,10960592.0,3,138,1,500000,0
0,3,5818420.0,3,29,0,500000,0
3,3,6717084.0,2,80,2,1000000,1
1,3,10544104.0,4,36,3,1000000,1
4,3,12623698.0,5,84,3,750000,1
3,3,4705228.0,3,109,0,500000,0
4,0,14953858.0,4,118,3,750000,0
2,3,6799238.0,5,37,1,750000,1
5,3,12051957.0,5,86,2,500000,1
1,3,10382600.0,3,71,2,750000,1
2,3,8014948.0,3,93,2,1500000,1
3,3,6480137.0,2,80,0,1000000,0
3,2,8217526.0,4,102,3,750000,1
3,0,9964848.0,4,14,1,500000,1
3,3,5929899.0,3,117,0,1000000,0
3,2,5391151.0,5,73,2,1000000,1
4,1,11215650.0,3,91,1,750000,1
2,0,3448061.0,5,90,2,1500000,1
1,3,8847000.0,5,29,2,750000,1
5,2,8081118.0,3,49,0,1500000,0
5,3,6532661.0,1,72,2,1000000,1
2,1,14273832.0,4,133,1,750000,0
2,3,2398332.0,5,42,2,500000,1
5,3,10768462.0,5,135,3,750000,0
5,2,9103876.0,1,42,2,1500000,0
4,3,5525942.0,2,105,0,1500000,0
0,1,12423565.0,1,27,1,750000,1
1,1,10051795.0,1,58,0,1500000,0
3,3,14538062.0,5,46,3,1000000,0
0,3,6203855.0,4,66,2,750000,0
2,3,3062518.0,1,25,0,1500000,0
5,3,6748400.0,2,73,0,750000,0
0,3,11571286.0,3,117,0,750000,0
1,0,10056135.0,1,129,0,500000,0
2,3,4244804.0,1,87,3,750000,1
3,3,9799141.0,2,74,3,500000,0
3,1,3087819.0,4,125,2,1500000,1
1,3,6682101.0,1,67,2,500000,0
1,3,11408981.0,1,6,1,500000,0
5,1,8041600.0,4,125,3,500000,0
3,3,7856381.0,2,58,0,1000000,0
2,2,2094557.0,1,70,0,500000,0
0,1,8739914.0,4,53,1,750000,0
2,1,9854207.0,1,66,0,500000,0
4,3,2490121.0,3,58,1,750000,1
4,3,13337938.0,5,82,2,500000,1
1,3,3225049.0,3,87,3,1000000,1
5,0,13134313.0,1,2,1,1500000,1
4,0,9345870.0,2,37,0,500000,0
3,3,1983442.0,5,148,1,500000,1
2,3,6772225.0,3,103,2,1000000,0
2,3,8211492.0,4,24,0,500000,0
1,3,11309435.0,2,112,2,750000,0
0,2,11845482.0,3,65,2,500000,0
1,3,13820422.0,4,129,1,500000,1
0,1,14576726.0,1,117,2,1500000,0
1,2,8122766.0,4,116,0,1500000,1
1,3,3251797.0,3,105,2,500000,0
1,3,9986014.0,3,3,2,1000000,0
0,3,4952814.0,1,46,1,1500000,0
0,3,13661435.0,4,55,2,500000,0
1,2,8370679.0,4,75,3,1500000,0
4,0,14467495.0,1,45,1,500000,0
5,0,9538762.0,4,77,1,1500000,1
5,3,10910044.0,1,24,0,1500000,0
5,3,4391912.0,2,35,0,750000,0
0,2,8855566.0,3,24,0,500000,0
0,3,3109184.0,2,28,0,500000,0
4,3,9413490.0,5,16,3,500000,0
5,3,6298793.0,5,59,1,500000,1
5,3,8837895.0,5,144,2,1500000,0
1,3,14072846.0,1,15,0,750000,0
0,3,3828476.0,4,11,0,750000,0
5,1,1984273.0,2,79,0,1000000,0
2,3,9238866.0,2,115,2,500000,0
4,3,6613728.0,2,68,0,1000000,0
2,3,12291841.0,2,43,2,1500000,1
2,0,12710844.0,5,69,1,1000000,1
4,3,6886159.0,2,141,1,500000,0
2,3,10576940.0,4,138,1,750000,1
5,3,7146895.0,5,75,3,750000,1
0,2,2226448.0,2,103,2,500000,1
4,3,1570463.0,1,41,0,1500000,0
1,2,6950652.0,3,59,0,500000,0
2,1,8211492.0,3,39,0,1500000,0
4,3,11021791.0,3,3,0,750000,0
3,0,4366457.0,5,7,3,1500000,0
3,3,3930992.0,2,49,0,500000,0
0,0,14930854.0,5,26,3,500000,0
5,3,5814380.0,4,101,2,500000,1
0,0,6801572.0,1,79,1,1500000,1
0,3,14738041.0,1,2,0,1500000,0
0,3,6411408.0,3,127,1,1500000,0
0,3,14885154.0,3,132,2,750000,0
1,3,6616934.0,3,20,2,1000000,1
1,3,11048902.0,2,117,0,1000000,0
4,3,7095956.0,4,32,2,500000,1
3,3,14607392.0,4,28,1,750000,0
0,3,12233296.0,4,77,0,1500000,1
4,0,9925021.0,4,1,3,500000,0
3,3,9403402.0,3,56,0,750000,0
2,3,12837240.0,1,35,1,500000,0
5,3,7390298.0,3,112,0,750000,0
1,3,8366684.0,4,30,0,750000,1
2,1,9527522.0,3,54,1,1000000,0
3,3,10453038.0,4,36,0,500000,1
2,2,13557116.0,5,80,0,1500000,1
5,1,6360319.0,1,58,1,1000000,1
3,0,12912623.0,5,83,2,1000000,1
2,3,10804088.0,2,65,1,1500000,0
1,0,5141141.0,3,69,0,750000,0
1,1,4881915.0,2,128,3,1500000,1
4,3,9930664.0,3,51,3,500000,0
2,3,3648983.0,5,22,1,1500000,1
0,3,12831383.0,4,107,3,750000,1
2,3,8211492.0,4,109,0,1500000,1
3,3,2408380.0,3,116,0,750000,0
3,3,6120792.0,4,101,1,750000,0
2,3,14715317.0,5,100,0,500000,0
5,3,2837768.0,4,68,2,1500000,1
1,3,4590930.0,5,36,0,1500000,0
3,3,11749579.0,2,146,1,500000,0
1,3,8359698.0,5,22,2,750000,1
3,3,3014101.0,1,66,2,1500000,0
4,3,12218952.0,1,21,3,500000,1
0,0,2906150.0,1,100,0,750000,0
3,3,10413613.0,3,128,1,500000,0
1,3,13308156.0,3,44,3,1500000,1
4,2,2729458.0,3,103,3,500000,0
3,3,11055880.0,5,47,0,1000000,1
5,3,7796450.0,3,39,0,750000,0
0,0,8582122.0,2,29,1,1000000,1
3,0,7860756.0,1,54,3,1000000,1
4,3,6255997.0,5,90,1,750000,1
5,3,13338695.0,1,85,3,750000,0
2,1,2993551.0,3,17,3,500000,1
4,3,5473313.0,5,80,3,750000,1
4,3,3936831.0,4,73,0,1000000,0
5,0,14053863.0,2,49,3,1000000,0
4,3,11595125.0,3,101,3,1500000,0
5,3,8211492.0,3,2,3,750000,0
3,3,13037099.0,2,142,2,1000000,0
5,2,10243662.0,2,59,0,1500000,0
5,3,13089816.0,4,97,2,1500000,0
0,3,5339847.0,3,99,0,500000,0
5,3,2666670.0,3,103,1,1000000,1
5,3,2180667.0,1,2,2,500000,1
2,3,12737491.0,5,41,1,1000000,1
3,2,6819728.0,5,123,3,500000,0
0,3,6910897.0,1,82,1,500000,0
2,3,3514017.0,5,144,1,750000,0
1,0,8584364.0,2,132,1,500000,0
3,3,14527884.0,5,140,1,750000,1
3,1,5522261.0,5,29,0,1500000,1
1,3,6137203.0,1,135,2,1000000,1
5,3,6175519.0,4,14,0,1500000,0
2,3,6394940.0,5,12,0,1000000,0
4,1,3499482.0,5,99,0,1500000,0
0,3,5149244.0,4,133,1,1000000,0
4,3,6114466.0,1,81,0,500000,0
1,3,7346866.0,4,106,2,1000000,0
3,3,13802005.0,1,32,0,1000000,0
3,3,12977197.0,2,74,3,1500000,0
0,1,7682719.0,1,81,1,1500000,0
3,3,14128007.0,2,69,3,1500000,1
3,2,11410330.0,2,45,2,750000,0
0,3,11750813.0,1,106,2,750000,0
2,3,11354523.0,3,137,2,1000000,1
2,3,1850067.0,1,100,2,1000000,0
0,3,11595434.0,5,146,0,500000,0
1,2,3559385.0,5,9,1,500000,0
3,1,11329854.0,3,62,2,1000000,1
3,3,8949194.0,2,29,3,750000,0
1,3,3867322.0,3,125,2,1000000,0
2,3,2875645.0,5,114,1,500000,1
5,1,13627466.0,3,143,3,750000,0
5,3,8062877.0,1,134,3,750000,1
5,3,12159071.0,3,120,3,500000,1
2,0,10723048.0,2,79,0,1000000,0
2,3,7543995.0,1,93,2,1500000,1
1,3,14738942.0,4,4,0,1000000,0
3,3,8464705.0,5,82,3,1000000,1
1,1,10588503.0,5,75,0,500000,0
1,3,8132142.0,3,14,0,750000,0
2,3,9156495.0,1,131,0,500000,0
5,3,1745144.0,4,114,2,1000000,0
4,3,13912835.0,1,62,3,1500000,0
3,3,5322727.0,5,106,3,1500000,0
2,3,2744360.0,1,64,2,1500000,1
5,3,8725593.0,4,102,0,500000,0
4,3,6470809.0,3,106,0,750000,0
4,3,4549316.0,2,20,1,500000,1
2,3,8122575.0,1,58,1,1500000,1
0,0,9003276.0,2,112,1,1000000,1
3,3,12438173.0,5,57,2,750000,0
4,0,11038342.0,3,119,3,500000,0
2,0,8767807.0,3,97,1,500000,0
2,3,11735193.0,1,92,3,750000,1
5,3,4460883.0,3,52,3,750000,0
0,3,13996226.0,1,37,3,1000000,1
3,3,2406450.0,1,8,2,750000,1
1,3,11371403.0,2,44,2,1000000,0
5,3,1782140.0,3,98,2,1500000,1
4,3,8211492.0,1,133,2,1500000,1
4,0,11497403.0,2,118,1,500000,1
5,3,2058981.0,4,69,0,1500000,0
2,0,11931929.0,2,45,0,1500000,0
4,3,9997552.0,2,137,0,1000000,0
0,0,3297519.0,1,32,1,500000,0
3,3,5377590.0,5,33,0,750000,1
0,3,9183647.0,5,126,1,500000,1
4,3,5215929.0,5,67,1,1500000,0
1,3,11847299.0,2,30,1,750000,1
3,3,5891401.0,1,114,0,500000,0
3,1,4428100.0,3,29,3,500000,1
5,3,12597844.0,2,131,0,500000,0
5,3,3453341.0,2,30,0,500000,0
1,2,2473737.0,1,137,2,1000000,0
2,0,11021995.0,4,130,1,500000,1
3,3,6933001.0,2,62,3,1500000,1
1,3,5402908.0,4,3,2,1500000,1
5,3,8171628.0,4,68,3,1000000,1
5,3,9403498.0,5,25,3,750000,1
3,2,7562133.0,1,141,1,750000,1
0,1,14537063.0,4,44,0,1500000,1
4,2,12527047.0,1,55,1,1500000,1
5,0,7198618.0,5,137,1,1000000,1
2,3,9140888.0,1,130,2,750000,0
2,2,10584140.0,2,41,1,750000,0
5,0,1795866.0,4,64,0,500000,0
0,3,10685665.0,1,31,3,500000,1
0,0,14281149.0,3,47,1,500000,1
1,3,7736893.0,1,130,3,1000000,1
2,3,8322603.0,4,96,1,1500000,1
1,0,8750569.0,5,77,3,1000000,1
2,3,3305518.0,5,110,1,750000,1
4,3,13323696.0,4,69,2,1500000,0
4,3,12825145.0,2,58,3,500000,0
3,3,5123425.0,2,106,1,1000000,1
1,1,5099537.0,5,44,1,1000000,1
5,3,12035282.0,5,74,2,500000,1
1,3,8021689.0,4,56,2,1000000,0
5,2,8189558.0,2,127,2,500000,1
0,3,7798941.0,5,30,3,750000,1
1,3,7510224.0,2,71,3,1500000,0
0,3,11871455.0,5,118,2,750000,1
4,0,12098461.0,1,55,0,750000,0
4,3,5591685.0,3,67,0,500000,0
3,3,10095960.0,1,141,1,1000000,1
1,3,11564110.0,5,3,0,750000,1
0,3,1684514.0,3,26,1,750000,1
5,3,8236549.0,3,57,3,750000,1
4,3,10687266.0,5,126,3,1000000,1
4,3,11746204.0,5,53,0,1000000,0
5,2,2758624.0,2,43,3,500000,1
0,3,7429949.0,5,49,2,750000,1
0,0,8796991.0,4,42,2,1500000,1
1,1,10851060.0,5,11,0,1000000,0
1,0,6283725.0,4,103,0,500000,0
2,3,11659002.0,5,98,1,750000,0
2,3,8171203.0,2,146,3,1500000,0
3,3,14025333.0,4,85,1,1000000,1
4,3,4250025.0,1,100,1,1500000,0
1,3,9285446.0,4,104,2,1000000,1
0,1,11978542.0,2,46,2,500000,0
5,0,7235630.0,4,44,2,1500000,0
0,3,4426979.0,5,22,2,750000,1
4,3,4014399.0,5,114,1,750000,1
2,0,14551670.0,2,125,2,1000000,0
0,3,13684438.0,3,124,3,750000,1
3,3,2455205.0,5,30,2,1500000,1
4,0,8166199.0,1,8,2,500000,0
2,3,12011699.0,2,98,2,1000000,1
5,3,2466649.0,4,57,0,1500000,1
2,3,8993971.0,4,111,3,1000000,0
3,0,6480939.0,1,73,3,500000,0
4,3,10822656.0,5,115,1,1000000,1
5,3,12919163.0,2,20,1,750000,1
3,3,11752679.0,1,25,2,750000,0
2,3,14610948.0,5,19,0,1000000,1
3,3,9076126.0,2,5,1,500000,1
4,2,11316597.0,4,75,1,500000,1
1,3,11921317.0,2,128,2,750000,1
3,0,6561500.0,3,72,2,500000,0
3,3,2700532.0,2,40,1,1000000,0
2,3,8996287.0,3,26,1,1500000,0
2,3,6693378.0,2,27,3,1000000,1
5,3,1964462.0,3,83,0,750000,0
2,3,12880228.0,4,128,3,750000,1
0,3,6368923.0,5,33,1,750000,1
4,3,12888717.0,3,97,3,500000,0
4,3,13461009.0,3,111,3,1000000,0
1,3,12333583.0,4,16,1,1500000,0
1,2,8211492.0,3,23,2,1000000,0
4,1,9430221.0,1,135,1,1500000,0
1,3,7510554.0,4,26,2,1000000,1
5,3,12161367.0,1,96,1,750000,0
2,3,6103623.0,4,12,1,1500000,1
4,3,9462366.0,3,72,1,1000000,0
1,3,12337916.0,1,133,0,500000,0
4,2,13636902.0,3,106,2,500000,0
0,3,1774535.0,4,117,0,1000000,0
3,3,13136812.0,3,26,1,750000,0
2,0,6640709.0,1,133,3,1500000,1
4,3,3980017.0,1,22,0,1000000,0
3,0,6316129.0,3,13,2,500000,0
1,3,9707623.0,2,107,1,1500000,0
3,3,14019754.0,4,23,0,500000,0
2,3,2417472.0,4,97,3,500000,1
4,3,12167189.0,3,18,0,1000000,0
0,1,5149279.0,2,117,2,500000,0
1,3,11893125.0,1,30,0,1500000,0
4,1,6516239.0,5,26,3,750000,1
2,3,11950970.0,5,144,3,1000000,0
1,3,13521011.0,3,39,2,1500000,0
5,3,4721131.0,2,130,3,1000000,1
3,3,11895946.0,2,113,1,500000,0
2,1,10477182.0,4,134,3,500000,0
5,3,3934138.0,1,46,1,1500000,0
4,3,9993535.0,2,50,0,1500000,0
0,3,11738524.0,5,106,1,750000,1
1,3,12471593.0,1,146,1,1500000,1
3,3,9283874.0,1,72,0,1500000,0
1,3,8211492.0,3,74,3,1000000,1
4,0,5717690.0,2,17,1,500000,0
1,3,5149886.0,3,70,3,1500000,1
3,3,7033326.0,2,6,0,750000,0
4,3,5946460.0,4,26,2,1500000,1
1,3,8793708.0,3,140,3,500000,1
0,1,6544080.0,3,99,3,1500000,0
2,3,2453122.0,5,142,2,1000000,1
4,3,13932371.0,3,22,2,500000,0
2,3,6163754.0,2,51,0,1500000,0
4,3,6017562.0,5,104,3,1000000,1
0,3,8040180.0,3,89,3,500000,0
2,1,12186962.0,3,141,0,1500000,0
5,2,10003197.0,4,138,3,1000000,1
3,1,2693982.0,3,9,1,750000,1
5,3,10507611.0,1,79,1,1000000,1
1,3,10082447.0,5,52,1,750000,1
0,3,8154754.0,1,130,3,1500000,1
5,3,2006453.0,5,13,1,1000000,1
4,0,12936197.0,4,51,1,750000,0
1,3,8048894.0,3,34,0,500000,0
1,0,12815661.0,3,35,0,1000000,0
5,2,12412663.0,3,131,2,1500000,1
5,3,12878801.0,5,120,2,500000,1
0,3,14528784.0,3,70,2,750000,1
3,3,4007743.0,1,147,2,1000000,1
5,3,3055811.0,3,67,0,1000000,0
5,0,6577198.0,4,103,0,1500000,1
2,3,11544650.0,1,73,0,500000,0
4,3,7684377.0,3,116,1,1000000,1
2,3,5345474.0,3,133,1,1000000,0
2,1,5424482.0,2,67,2,500000,0
1,3,4732452.0,5,139,1,1000000,0
3,0,6447796.0,1,121,3,500000,1
4,3,5790697.0,2,94,0,500000,0
0,2,13634936.0,4,129,2,500000,0
0,2,14050211.0,5,91,2,1500000,0
5,3,11798940.0,1,92,3,500000,0
5,3,8386940.0,3,63,1,500000,0
0,2,13628638.0,1,29,2,750000,1
5,3,12387186.0,3,12,1,750000,0
3,2,5312010.0,5,77,1,1500000,0
2,3,2978081.0,3,41,3,500000,1
5,0,3070889.0,4,130,2,750000,1
1,2,8873372.0,3,37,1,750000,0
5,1,12287754.0,4,24,1,1000000,0
4,3,4571640.0,5,99,3,500000,1
3,3,11434099.0,5,100,3,750000,1
4,3,14720911.0,1,139,1,1500000,1
4,3,14822450.0,4,58,3,1000000,0
1,3,6753974.0,4,29,1,1000000,1
3,3,11811575.0,2,143,2,500000,0
3,2,2450922.0,2,60,0,500000,0
3,3,3184449.0,2,95,3,1000000,0
3,3,10354198.0,3,42,0,1500000,0
3,3,7253371.0,2,43,1,500000,1
1,3,2933284.0,4,74,1,500000,1
5,3,2617374.0,3,64,1,1000000,0
4,1,4499610.0,5,2,0,1000000,0
3,1,3798756.0,1,66,1,500000,1
5,3,8600052.0,2,31,3,750000,0
5,3,4288107.0,5,115,2,500000,0
4,2,9918865.0,4,26,2,750000,1
1,3,6101731.0,1,29,3,1000000,1
0,3,8673877.0,5,78,2,750000,1
0,3,2485257.0,1,25,0,1500000,1
5,3,2601267.0,2,48,1,1000000,0
2,3,11944453.0,4,65,1,500000,0
